"","bweight"
"1",2.52
"2",3.72
"3",2.94
"4",4.6
"5",3.03
"6",4.37
"7",3.29
"8",3.32
"9",2.92
"10",3.4
"11",3.37
"12",3.46
"13",3.46
"14",4.05
"15",3.32
"16",3.37
"17",2.98
"18",2.98
"19",3.46
"20",3.49
"21",3.18
"22",2.81
"23",3.63
"24",2.64
"25",3.52
"26",4.24
"27",2.89
"28",3.15
"29",3
"30",4.37
"31",4.42
"32",2.89
"33",3.94
"34",2.92
"35",4.37
"36",4.37
"37",3.2
"38",2.86
"39",3.37
"40",3.52
"41",4
"42",3.36
"43",3.4
"44",4.25
"45",2.92
"46",4.38
"47",2.55
"48",3.63
"49",3.35
"50",2.81
"51",3.03
"52",3.29
"53",2.3
"54",3.69
"55",2.86
"56",3.01
"57",3.29
"58",3.4
"59",3.2
"60",3.12
"61",2.39
"62",4.31
"63",3.57
"64",3.29
"65",3.23
"66",3.77
"67",3.06
"68",3.43
"69",3.94
"70",4
"71",2.41
"72",3.09
"73",2.61
"74",4.37
"75",3.83
"76",3.29
"77",3.71
"78",3.12
"79",3.71
"80",3.09
"81",4.05
"82",3.69
"83",3.52
"84",3.66
"85",3.29
"86",4.08
"87",3.15
"88",2.69
"89",3.46
"90",3.35
"91",3.57
"92",2.69
"93",2.86
"94",3.66
"95",3.49
"96",3.43
"97",4.09
"98",4.03
"99",4.03
"100",3.28
"101",2.7
"102",2.72
"103",3.2
"104",2.98
"105",3.43
"106",3.2
"107",3.29
"108",3.49
"109",3.43
"110",3.24
"111",3.74
"112",3.52
"113",2.69
"114",3.3
"115",3.69
"116",3.46
"117",2.07
"118",3.32
"119",3.18
"120",3.66
"121",3.23
"122",3.77
"123",2.77
"124",1.9
"125",2.78
"126",3.91
"127",2.81
"128",3.8
"129",3.54
"130",3.66
"131",2.81
"132",3.2
"133",3.63
"134",3.69
"135",3.32
"136",3.77
"137",4.37
"138",2.78
"139",3.63
"140",4.25
"141",3.49
"142",3.09
"143",3.94
"144",2.78
"145",2.89
"146",3
"147",3.86
"148",3.91
"149",4.4
"150",3.66
"151",3.12
"152",3.16
"153",3.91
"154",3.44
"155",2.04
"156",4.79
"157",2.92
"158",2.64
"159",3.18
"160",2.69
"161",3.91
"162",3.57
"163",3.37
"164",3.09
"165",4.11
"166",3.81
"167",3.54
"168",4
"169",4.1
"170",2.92
"171",3.54
"172",3
"173",2.64
"174",2.72
"175",3.49
"176",3.32
"177",4.37
"178",3.18
"179",3.83
"180",2.64
"181",1.93
"182",1.81
"183",3.26
"184",2.61
"185",3.06
"186",3.01
"187",4.22
"188",3.03
"189",2.86
"190",3.97
"191",3.26
"192",3.01
"193",2.78
"194",4.1
"195",4
"196",4.08
"197",3.35
"198",3.63
"199",3.09
"200",3.83
"201",3.32
"202",3.63
"203",3.94
"204",3.08
"205",3.04
"206",2.98
"207",3.4
"208",3.03
"209",3.06
"210",3.43
"211",3.09
"212",2.78
"213",3.01
"214",3.15
"215",3.78
"216",3.8
"217",4.2
"218",3.09
"219",3.4
"220",3.1
"221",3.77
"222",2.83
"223",3.88
"224",3.46
"225",3.83
"226",2.55
"227",4.19
"228",2.78
"229",3.74
"230",3.63
"231",3.12
"232",3.29
"233",3.6
"234",2.72
"235",2.92
"236",3.74
"237",3.6
"238",3.2
"239",3.06
"240",3.44
"241",3.35
"242",4
"243",3.12
"244",2.72
"245",3.7
"246",4.17
"247",3.15
"248",3.29
"249",3.4
"250",2.35
"251",3.23
"252",3.66
"253",3.29
"254",3.37
"255",2.64
"256",3.03
"257",3.63
"258",3.29
"259",3.46
"260",3.01
"261",4.45
"262",3.58
"263",3.43
"264",2.78
"265",2.98
"266",2.9
"267",3.35
"268",3.91
"269",3.04
"270",3.12
"271",2.95
"272",3.15
"273",3.37
"274",3.09
"275",3.54
"276",3.74
"277",4
"278",3.62
"279",3.18
"280",3.2
"281",3.5
"282",1.79
"283",3.18
"284",3.18
"285",2.72
"286",3.86
"287",3.8
"288",3.2
"289",3.34
"290",3.09
"291",3.05
"292",3.55
"293",4.56
"294",3.18
"295",3.29
"296",3
"297",4.39
"298",3.86
"299",3.04
"300",3.32
"301",3.63
"302",3.69
"303",3.09
"304",3.46
"305",2.38
"306",4.79
"307",3.57
"308",2.81
"309",3.71
"310",3.52
"311",2.95
"312",3.4
"313",2.58
"314",3.52
"315",3.86
"316",3.74
"317",3.4
"318",3.6
"319",2.92
"320",2.81
"321",3.74
"322",3.09
"323",3.86
"324",2.95
"325",3.52
"326",3.57
"327",2.61
"328",3.86
"329",2.98
"330",3.63
"331",2.3
"332",3.29
"333",3.77
"334",2.67
"335",3.37
"336",3.66
"337",3.57
"338",2.89
"339",3.26
"340",3.91
"341",2.95
"342",2.75
"343",3.2
"344",3.29
"345",3.52
"346",3.72
"347",3.6
"348",3.26
"349",3.63
"350",2.98
"351",3.35
"352",3.71
"353",3.26
"354",3.43
"355",3.49
"356",2.3
"357",3.01
"358",2.84
"359",3.43
"360",3.29
"361",3.4
"362",2.1
"363",2.86
"364",3.57
"365",2.41
"366",3.15
"367",3.63
"368",2.72
"369",4.05
"370",3.2
"371",3.46
"372",3.18
"373",3.29
"374",3.23
"375",3.09
"376",3.88
"377",3.35
"378",3.29
"379",3.2
"380",3.74
"381",3.3
"382",3.57
"383",4.2
"384",3.43
"385",3.6
"386",2.61
"387",3.71
"388",3.83
"389",2.24
"390",3.74
"391",3.55
"392",3.43
"393",3.83
"394",3.74
"395",4.82
"396",4.37
"397",3.44
"398",3.86
"399",3.63
"400",3.49
"401",3.23
"402",2.81
"403",3.43
"404",4.03
"405",3.43
"406",3.71
"407",2.21
"408",2.98
"409",3.26
"410",2.61
"411",3.26
"412",3.67
"413",3.11
"414",2.98
"415",2.92
"416",3.06
"417",3.01
"418",4.31
"419",3.01
"420",3.91
"421",2.39
"422",2.69
"423",3.06
"424",2.35
"425",3.3
"426",3
"427",3.2
"428",2.89
"429",3.32
"430",3.09
"431",3.6
"432",4
"433",4.05
"434",2.87
"435",3.01
"436",3.35
"437",3.69
"438",3.2
"439",2.92
"440",3.6
"441",3.26
"442",3.68
"443",2.27
"444",3.37
"445",2.86
"446",2.72
"447",2.44
"448",3.66
"449",3.4
"450",4.2
"451",3.35
"452",3.18
"453",3.37
"454",4.08
"455",3.32
"456",3.71
"457",3.29
"458",2.95
"459",3.26
"460",3.43
"461",3.09
"462",2.89
"463",1
"464",3.3
"465",2.72
"466",3.29
"467",3.8
"468",3.23
"469",3.57
"470",3.29
"471",4.05
"472",3.09
"473",2.38
"474",3.77
"475",3.8
"476",3.09
"477",3.57
"478",4
"479",2.92
"480",3.4
"481",3.52
"482",3.18
"483",3.32
"484",2.89
"485",3.14
"486",3.37
"487",4.14
"488",2.86
"489",3.26
"490",3.94
"491",4
"492",3.57
"493",3.66
"494",3.66
"495",3.46
"496",3.46
"497",3.52
"498",3.13
"499",3
"500",4.14
"501",3.97
"502",3.23
"503",3.63
"504",2.01
"505",2.95
"506",2.89
"507",3.37
"508",3.2
"509",3.2
"510",3.52
"511",3.15
"512",2.24
"513",3.54
"514",3.15
"515",3.52
"516",3.12
"517",4.22
"518",3.6
"519",3.74
"520",3.2
"521",3.03
"522",2.61
"523",2.9
"524",3.91
"525",3.46
"526",3.06
"527",3.97
"528",3.32
"529",3.52
"530",3.74
"531",3.2
"532",4.29
"533",3.03
"534",3.91
"535",3.2
"536",3.54
"537",1.22
"538",3.29
"539",3.77
"540",2.21
"541",1.67
"542",1.13
"543",3.94
"544",3.7
"545",3.01
"546",3.2
"547",2.44
"548",3.09
"549",3.01
"550",3.12
"551",3.49
"552",3.23
"553",4.22
"554",3.88
"555",3.54
"556",0.74
"557",2.58
"558",3.03
"559",3.15
"560",3.6
"561",3.4
"562",3.46
"563",3.46
"564",3.03
"565",3.37
"566",4.5
"567",3.45
"568",4.14
"569",3.69
"570",3.2
"571",3.71
"572",3.97
"573",3.46
"574",2.75
"575",2.72
"576",3.37
"577",3.75
"578",1.67
"579",4.2
"580",3.29
"581",3.52
"582",3.49
"583",2.47
"584",2.27
"585",4.73
"586",3.43
"587",2.75
"588",2.84
"589",2.64
"590",3.43
"591",2.98
"592",3.18
"593",2.32
"594",2.95
"595",1.36
"596",3.6
"597",4.17
"598",3.69
"599",3.09
"600",2.49
"601",3.71
"602",3.2
"603",2.96
"604",3.06
"605",3.57
"606",3.18
"607",3.77
"608",4.14
"609",3.37
"610",1.84
"611",3.46
"612",3.66
"613",3.12
"614",3.18
"615",3.52
"616",3.74
"617",3.49
"618",3.01
"619",4
"620",3.4
"621",2.89
"622",3.29
"623",3.29
"624",3.86
"625",3.4
"626",4.28
"627",4.11
"628",2.44
"629",4
"630",3.97
"631",3.37
"632",2.69
"633",4.17
"634",3.2
"635",3.18
"636",3.06
"637",1.9
"638",4.14
"639",3.86
"640",2.78
"641",3.49
"642",3.35
"643",3.86
"644",3.12
"645",2.64
"646",2.86
"647",3.43
"648",3.91
"649",4.05
"650",3.54
"651",3.18
"652",2.38
"653",3.29
"654",3.46
"655",3.74
"656",3.32
"657",3.01
"658",3.29
"659",3.29
"660",3.37
"661",3.63
"662",3.29
"663",3.35
"664",3.52
"665",2.3
"666",3.09
"667",3.06
"668",3.2
"669",3.43
"670",3.09
"671",4.42
"672",3.71
"673",3.66
"674",3.66
"675",3.26
"676",4.28
"677",3.18
"678",3.01
"679",2.86
"680",3.6
"681",3.63
"682",2.44
"683",3.06
"684",4.31
"685",3.46
"686",3.29
"687",3.09
"688",2.1
"689",3.63
"690",3.76
"691",3.46
"692",3.32
"693",4.51
"694",2.72
"695",4.42
"696",3.26
"697",3.94
"698",3.23
"699",3.06
"700",3.4
"701",3.6
"702",2.13
"703",2.94
"704",3.54
"705",3.02
"706",2
"707",2.41
"708",2.6
"709",3.26
"710",3.12
"711",2.01
"712",3.49
"713",2.96
"714",3.91
"715",3.43
"716",3.49
"717",2.61
"718",3.57
"719",3.26
"720",3.83
"721",2.84
"722",3.97
"723",3.63
"724",3.06
"725",3.97
"726",2.75
"727",2.89
"728",3.15
"729",3.97
"730",3.77
"731",3.18
"732",3.57
"733",3.69
"734",3.46
"735",1.59
"736",3.63
"737",3.71
"738",3.63
"739",1.87
"740",3.01
"741",3.66
"742",3.57
"743",4.54
"744",3.88
"745",2.66
"746",3.37
"747",2.78
"748",4.54
"749",1.08
"750",4.11
"751",2.21
"752",2.69
"753",3.83
"754",2.35
"755",3.4
"756",3.54
"757",3.43
"758",3.26
"759",2.41
"760",3.26
"761",3.57
"762",3.32
"763",4.68
"764",4.17
"765",3.58
"766",2.9
"767",3.2
"768",3.09
"769",2.86
"770",3.01
"771",4.14
"772",4.25
"773",3.43
"774",3.57
"775",3.86
"776",3.86
"777",4.05
"778",2.89
"779",3.4
"780",3.09
"781",3.15
"782",3.69
"783",3.2
"784",3.63
"785",3.18
"786",2.84
"787",3.26
"788",3.74
"789",3.88
"790",4.22
"791",2.75
"792",3.37
"793",4.31
"794",4.51
"795",3.83
"796",3.57
"797",2.72
"798",2.86
"799",1.79
"800",3.23
"801",2.95
"802",4.02
"803",3.83
"804",3.49
"805",3.97
"806",4.37
"807",3.63
"808",3.23
"809",4.65
"810",3.71
"811",3.26
"812",3.06
"813",2.81
"814",1.45
"815",3.71
"816",3.57
"817",3.49
"818",2.52
"819",4.08
"820",3.57
"821",4.28
"822",3.37
"823",NA
"824",3.66
"825",3.86
"826",3.23
"827",3.35
"828",3.15
"829",3.2
"830",2.84
"831",2.66
"832",3.12
"833",2.92
"834",4
"835",3.94
"836",4.31
"837",3.69
"838",3.23
"839",2.24
"840",3.71
"841",4.08
"842",3.06
"843",3.91
"844",3.57
"845",3.32
"846",3.69
"847",3.52
"848",3.2
"849",3.5
"850",3.74
"851",3.01
"852",3.63
"853",3.4
"854",3.09
"855",4.31
"856",4.11
"857",3.86
"858",2.01
"859",3.37
"860",3.43
"861",3.18
"862",4.15
"863",3.14
"864",4.2
"865",3.09
"866",2.58
"867",3.23
"868",2.98
"869",3.57
"870",2.86
"871",3.84
"872",2.66
"873",3.94
"874",3.23
"875",1.67
"876",4
"877",4.36
"878",3.23
"879",3.14
"880",3.83
"881",3.8
"882",3.88
"883",3.54
"884",5.16
"885",3.35
"886",3.4
"887",2.69
"888",3.03
"889",3.26
"890",3.54
"891",3.46
"892",2.38
"893",2.55
"894",3.8
"895",3.03
"896",3.32
"897",3.49
"898",3.35
"899",3.38
"900",3.63
"901",3.49
"902",3.35
"903",3.22
"904",4.22
"905",2.92
"906",2.95
"907",3.4
"908",3.49
"909",3.83
"910",4
"911",3.6
"912",3.09
"913",3.54
"914",3.77
"915",3.26
"916",1.9
"917",2.81
"918",4.03
"919",3
"920",0.91
"921",2.66
"922",3.66
"923",2.32
"924",3.57
"925",3.37
"926",3.74
"927",3.52
"928",3.91
"929",3.66
"930",4
"931",4.17
"932",3.69
"933",4.54
"934",4.08
"935",2.64
"936",3.09
"937",1.42
"938",4
"939",3.83
"940",3.23
"941",3.49
"942",4.05
"943",3.23
"944",3.35
"945",3.94
"946",4
"947",3.12
"948",3.63
"949",2.3
"950",3.52
"951",2.44
"952",4.73
"953",3.37
"954",4.14
"955",3.54
"956",3.57
"957",3.2
"958",2.3
"959",3.52
"960",3.29
"961",3.12
"962",3.88
"963",3.2
"964",3.66
"965",2.95
"966",3.29
"967",3.06
"968",2.13
"969",3.52
"970",3.46
"971",3.35
"972",3.2
"973",3.22
"974",3.12
"975",3.55
"976",3.29
"977",3.54
"978",3.46
"979",2.07
"980",3.26
"981",3.32
"982",2.64
"983",3.32
"984",3.2
"985",3.37
"986",2.66
"987",3.09
"988",3.05
"989",2.95
"990",4.03
"991",2.61
"992",3.35
"993",3.91
"994",2.72
"995",4.31
"996",4.39
"997",3.29
"998",3
"999",3.43
"1000",3.71
"1001",3.57
"1002",2.95
"1003",3.32
"1004",2.92
"1005",3.52
"1006",3.2
"1007",2.84
"1008",3.52
"1009",3.01
"1010",3.18
"1011",3.49
"1012",4.05
"1013",2.72
"1014",3.88
"1015",3.57
"1016",3.71
"1017",3.26
"1018",3.68
"1019",3.97
"1020",3.83
"1021",2.58
"1022",2.98
"1023",4.14
"1024",2.81
"1025",3.34
"1026",3.77
"1027",3.48
"1028",3.32
"1029",2.55
"1030",2.64
"1031",3.74
"1032",2.55
"1033",3.35
"1034",2.89
"1035",3.12
"1036",3.46
"1037",4.88
"1038",4.25
"1039",3.12
"1040",3.49
"1041",2.92
"1042",3.19
"1043",0.94
"1044",3.46
"1045",2.92
"1046",4.1
"1047",3.23
"1048",2.84
"1049",4
"1050",2.13
"1051",3.8
"1052",3.6
"1053",2.5
"1054",3.01
"1055",2.32
"1056",3.57
"1057",3.91
"1058",3.83
"1059",3.63
"1060",3.35
"1061",3.26
"1062",2.84
"1063",3.71
"1064",3.2
"1065",3.4
"1066",3.35
"1067",3.09
"1068",3.2
"1069",3.86
"1070",3.46
"1071",3.6
"1072",2.89
"1073",3.06
"1074",2.92
"1075",1.7
"1076",3.88
"1077",3.37
"1078",4.08
"1079",3.03
"1080",3.35
"1081",3.32
"1082",2.49
"1083",2.38
"1084",3.2
"1085",3
"1086",2.38
"1087",3.71
"1088",3.23
"1089",3.46
"1090",3.91
"1091",4
"1092",3.74
"1093",3.88
"1094",1.87
"1095",3.57
"1096",3.32
"1097",3.37
"1098",3.57
"1099",2.95
"1100",3.4
"1101",3.18
"1102",3.18
"1103",3.23
"1104",3.74
"1105",4.25
"1106",3.29
"1107",3.5
"1108",3.57
"1109",3.26
"1110",3.29
"1111",3.2
"1112",2.84
"1113",3.26
"1114",3.8
"1115",4.17
"1116",3.01
"1117",4.08
"1118",3.83
"1119",4.28
"1120",3.88
"1121",3.86
"1122",3.32
"1123",3.4
"1124",3.97
"1125",2.84
"1126",4.22
"1127",3.91
"1128",3.54
"1129",2.95
"1130",3.65
"1131",3.18
"1132",3.94
"1133",3.12
"1134",4.85
"1135",3.4
"1136",3.54
"1137",3.88
"1138",3.12
"1139",3.74
"1140",2.44
"1141",3.09
"1142",2.81
"1143",2.84
"1144",4
"1145",3.06
"1146",3.23
"1147",3.74
"1148",NA
"1149",3.57
"1150",2.78
"1151",4
"1152",3.35
"1153",3.15
"1154",3.37
"1155",3.37
"1156",3.55
"1157",3.12
"1158",2.04
"1159",4.34
"1160",2.32
"1161",3.8
"1162",2.44
"1163",3.18
"1164",3.52
"1165",3.3
"1166",2.46
"1167",3.16
"1168",3.66
"1169",3.12
"1170",3.46
"1171",2.55
"1172",3.49
"1173",3.18
"1174",4.45
"1175",3.52
"1176",3.37
"1177",3.91
"1178",3.06
"1179",3.29
"1180",2.78
"1181",3.2
"1182",1.01
"1183",4.68
"1184",2.38
"1185",2.09
"1186",2.98
"1187",3.66
"1188",3.57
"1189",3.91
"1190",3.32
"1191",3.29
"1192",3.43
"1193",3.4
"1194",3.78
"1195",2.47
"1196",3.46
"1197",4.03
"1198",2.69
"1199",3.29
"1200",3.2
"1201",0.91
"1202",3.29
"1203",3.52
"1204",3.15
"1205",3.18
"1206",3.35
"1207",3.64
"1208",3.18
"1209",3.18
"1210",3.83
"1211",3.66
"1212",3.35
"1213",3.29
"1214",3.37
"1215",3.23
"1216",3.71
"1217",4.28
"1218",3.15
"1219",3.91
"1220",2.98
"1221",2.55
"1222",4.05
"1223",3.18
"1224",4.17
"1225",3.4
"1226",3.74
"1227",4.39
"1228",3.6
"1229",4.03
"1230",4
"1231",3.43
"1232",3.74
"1233",3.91
"1234",3.63
"1235",3.26
"1236",2.98
"1237",4.31
"1238",3.86
"1239",2.72
"1240",3.06
"1241",3.29
"1242",3.63
"1243",3.03
"1244",3.54
"1245",3.68
"1246",3.6
"1247",4.45
"1248",3.86
"1249",3.49
"1250",4.39
"1251",4.34
"1252",3.77
"1253",4.22
"1254",3.32
"1255",3.01
"1256",3.12
"1257",3.6
"1258",3.8
"1259",3.71
"1260",3.2
"1261",3.35
"1262",4.11
"1263",4.39
"1264",3.06
"1265",4
"1266",3.32
"1267",3.64
"1268",3.97
"1269",2.84
"1270",4.31
"1271",3.03
"1272",3.4
"1273",4.39
"1274",2.98
"1275",3.88
"1276",3.2
"1277",1.94
"1278",3.37
"1279",2.95
"1280",3.77
"1281",3.54
"1282",2.75
"1283",3.54
"1284",2.24
"1285",3.43
"1286",3.36
"1287",2.69
"1288",3.57
"1289",2.58
"1290",4
"1291",3.2
"1292",2.81
"1293",3.38
"1294",2.32
"1295",3.65
"1296",2.78
"1297",2.89
"1298",2.81
"1299",3.18
"1300",3.74
"1301",4.29
"1302",4.11
"1303",3.52
"1304",3.37
"1305",3.35
"1306",4.14
"1307",3.86
"1308",3.46
"1309",3.46
"1310",3.09
"1311",2.92
"1312",4.08
"1313",3.52
"1314",3.88
"1315",4.4
"1316",3.69
"1317",4
"1318",2.69
"1319",4.34
"1320",3.06
"1321",2.92
"1322",3.06
"1323",2.58
"1324",3.69
"1325",3.35
"1326",2.58
"1327",3.46
"1328",3.57
"1329",3.49
"1330",3.29
"1331",2.84
"1332",3.03
"1333",3.03
"1334",3.29
"1335",3.03
"1336",2.63
"1337",3.43
"1338",3.01
"1339",3.6
"1340",3.83
"1341",3.69
"1342",3.12
"1343",4.22
"1344",3.63
"1345",2.21
"1346",3.94
"1347",4.34
"1348",1.8
"1349",2.8
"1350",3.2
"1351",3.09
"1352",3.8
"1353",3.15
"1354",3.29
"1355",3.35
"1356",3.35
"1357",3.09
"1358",3.18
"1359",3.23
"1360",2.51
"1361",1.47
"1362",4.17
"1363",3.32
"1364",3.4
"1365",2.98
"1366",2.9
"1367",3.4
"1368",4
"1369",4.14
"1370",3.37
"1371",3.15
"1372",2.88
"1373",3.6
"1374",6.55
"1375",3.18
"1376",2.61
"1377",3.83
"1378",3.12
"1379",2.81
"1380",3.8
"1381",3.52
"1382",4.03
"1383",3.63
"1384",3.86
"1385",3.46
"1386",3.52
"1387",3.2
"1388",3.23
"1389",3.4
"1390",4.17
"1391",3.71
"1392",3.32
"1393",2.86
"1394",4.37
"1395",3.57
"1396",3.88
"1397",3.57
"1398",3.71
"1399",3.52
"1400",3.06
"1401",3.57
"1402",3.8
"1403",2.75
"1404",3.46
"1405",3.46
"1406",3.54
"1407",2.75
"1408",3.69
"1409",3.57
"1410",3.66
"1411",3.32
"1412",1.13
"1413",3.66
"1414",3.97
"1415",3.18
"1416",3.18
"1417",4.14
"1418",3.4
"1419",3.01
"1420",4.45
"1421",3.4
"1422",3.71
"1423",3.29
"1424",3.54
"1425",2.44
"1426",2.27
"1427",3.64
"1428",3.6
"1429",3.33
"1430",2.97
"1431",3.78
"1432",3.09
"1433",3.23
"1434",3.57
"1435",2.38
"1436",2.78
"1437",2.44
"1438",3.34
"1439",2.98
"1440",3.55
"1441",3.8
"1442",2.75
"1443",3.86
"1444",3.18
"1445",3.37
"1446",2.92
"1447",2.95
"1448",3.5
"1449",3.69
"1450",3.35
"1451",2.64
"1452",3.91
"1453",3.57
"1454",2.78
"1455",2.84
"1456",3.43
"1457",3.03
"1458",3.29
"1459",3.6
"1460",3.2
"1461",3.37
"1462",3.29
"1463",4.26
"1464",3.08
"1465",3.26
"1466",3.18
"1467",3.23
"1468",3.4
"1469",1.59
"1470",3.18
"1471",3.71
"1472",3.06
"1473",2.64
"1474",3.23
"1475",3.01
"1476",2.75
"1477",2.58
"1478",3.57
"1479",2.64
"1480",3.32
"1481",3.57
"1482",0.8
"1483",2.75
"1484",2.61
"1485",3.66
"1486",3.93
"1487",3.69
"1488",3.32
"1489",1.59
"1490",2.77
"1491",3.83
"1492",NA
"1493",4.59
"1494",3.29
"1495",3.6
"1496",2.3
"1497",3.69
"1498",3.09
"1499",3.65
"1500",2.82
"1501",2.72
"1502",3.32
"1503",4.42
"1504",3.2
"1505",1.98
"1506",3.01
"1507",4.2
"1508",4.03
"1509",3.43
"1510",3.83
"1511",3.2
"1512",3.52
"1513",3.23
"1514",3.94
"1515",3.42
"1516",2.84
"1517",3.86
"1518",3.32
"1519",3.52
"1520",3.33
"1521",3.18
"1522",3.29
"1523",4
"1524",3.18
"1525",3.29
"1526",4.42
"1527",3.06
"1528",3.37
"1529",4.14
"1530",3.26
"1531",3.57
"1532",3.2
"1533",2.78
"1534",3.49
"1535",3.69
"1536",3.09
"1537",3.6
"1538",3.23
"1539",3.29
"1540",4.14
"1541",2.41
"1542",3.52
"1543",2.47
"1544",4.31
"1545",3.63
"1546",3.8
"1547",3.35
"1548",3.46
"1549",3.9
"1550",4.11
"1551",3.94
"1552",2.24
"1553",4.17
"1554",3.26
"1555",2.98
"1556",2.98
"1557",3.23
"1558",3.23
"1559",3.26
"1560",4
"1561",3.66
"1562",3.23
"1563",3.92
"1564",3.49
"1565",3.71
"1566",4.05
"1567",3.18
"1568",3.64
"1569",4.56
"1570",4.14
"1571",3.06
"1572",2.85
"1573",3.63
"1574",3.32
"1575",3.9
"1576",3.45
"1577",4.45
"1578",2.86
"1579",3.26
"1580",3.4
"1581",3.7
"1582",2.66
"1583",4.56
"1584",3.01
"1585",2.75
"1586",4.08
"1587",2.55
"1588",3.09
"1589",3.63
"1590",2.93
"1591",3.69
"1592",3.54
"1593",4.42
"1594",2.86
"1595",3.37
"1596",2.47
"1597",2.64
"1598",3.63
"1599",3.11
"1600",3.5
"1601",2.32
"1602",2.95
"1603",3.23
"1604",4.1
"1605",3.29
"1606",4.39
"1607",3.15
"1608",3.09
"1609",3.54
"1610",2.89
"1611",3.48
"1612",3.03
"1613",3.4
"1614",3.74
"1615",3.18
"1616",3.01
"1617",3.46
"1618",4.08
"1619",3.26
"1620",2.89
"1621",3.49
"1622",3.49
"1623",2.78
"1624",4.37
"1625",3.83
"1626",4
"1627",3.35
"1628",3.6
"1629",2.75
"1630",3.49
"1631",3.06
"1632",2.86
"1633",1.93
"1634",3.4
"1635",4.03
"1636",3.69
"1637",3.52
"1638",3.2
"1639",4.39
"1640",3.09
"1641",3.8
"1642",3.18
"1643",3.8
"1644",2.92
"1645",3.4
"1646",3.46
"1647",3.6
"1648",3.57
"1649",4.08
"1650",4.54
"1651",3.66
"1652",3.43
"1653",2.52
"1654",2.84
"1655",2.18
"1656",3.43
"1657",3.35
"1658",4.51
"1659",3.35
"1660",2.6
"1661",3.97
"1662",3.49
"1663",3.06
"1664",3.52
"1665",3.09
"1666",3.29
"1667",3.01
"1668",3.41
"1669",3.71
"1670",3.91
"1671",2.41
"1672",3.32
"1673",3.4
"1674",2.98
"1675",3.54
"1676",3.4
"1677",3.03
"1678",2.89
"1679",3.46
"1680",3.23
"1681",2.66
"1682",NA
"1683",2.55
"1684",2.89
"1685",4
"1686",2.95
"1687",3.43
"1688",3.18
"1689",3.94
"1690",3.91
"1691",3.54
"1692",2.92
"1693",2.98
"1694",4.65
"1695",2.78
"1696",3.25
"1697",2.98
"1698",2.84
"1699",2.49
"1700",3.29
"1701",2.61
"1702",2.66
"1703",2.38
"1704",3.18
"1705",3.32
"1706",3.01
"1707",3.37
"1708",3.09
"1709",3.62
"1710",3.83
"1711",3.97
"1712",2.47
"1713",4.62
"1714",2.1
"1715",3.86
"1716",3.32
"1717",2.84
"1718",3.88
"1719",3.69
"1720",3.57
"1721",3.26
"1722",3.4
"1723",3.29
"1724",3.69
"1725",3.77
"1726",4.05
"1727",3.35
"1728",3.69
"1729",3.52
"1730",4.17
"1731",3.37
"1732",3.32
"1733",3.54
"1734",3.29
"1735",3.74
"1736",3.94
"1737",3.06
"1738",3.4
"1739",3.4
"1740",3.4
"1741",3.63
"1742",2.13
"1743",2.65
"1744",3.53
"1745",3.52
"1746",3.18
"1747",3.83
"1748",3.12
"1749",3.46
"1750",3.12
"1751",3.97
"1752",4.22
"1753",3.13
"1754",3.32
"1755",4.14
"1756",2.55
"1757",4.25
"1758",3.36
"1759",3.54
"1760",3.18
"1761",3.2
"1762",3.5
"1763",3.88
"1764",3.23
"1765",2.98
"1766",3.35
"1767",3.23
"1768",3.06
"1769",3.54
"1770",3.4
"1771",2.49
"1772",3.97
"1773",3.26
"1774",4
"1775",4.45
"1776",2.55
"1777",3.83
"1778",3.45
"1779",2.32
"1780",3.23
"1781",3.69
"1782",3.59
"1783",3.37
"1784",2.52
"1785",0.39
"1786",3.15
"1787",3.12
"1788",2.02
"1789",3.09
"1790",3.66
"1791",3.37
"1792",3.66
"1793",3.54
"1794",3.8
"1795",4.17
"1796",3.43
"1797",3.97
"1798",3.06
"1799",3.69
"1800",3.01
"1801",3.69
"1802",3.6
"1803",2.97
"1804",2.69
"1805",3.37
"1806",3.91
"1807",3.63
"1808",3.85
"1809",3.8
"1810",3.35
"1811",3.91
"1812",2.44
"1813",3.69
"1814",3.23
"1815",4.14
"1816",4.05
"1817",3.4
"1818",3.66
"1819",3.86
"1820",4.08
"1821",3.35
"1822",4.03
"1823",2.75
"1824",2.7
"1825",3.18
"1826",3.35
"1827",3.52
"1828",3.29
"1829",1.98
"1830",3.2
"1831",3.49
"1832",3.6
"1833",4.59
"1834",3.29
"1835",3.6
"1836",4.05
"1837",3.8
"1838",3.91
"1839",3.57
"1840",3.69
"1841",3.77
"1842",3.52
"1843",3.52
"1844",2.21
"1845",3.06
"1846",3.69
"1847",3.35
"1848",3.37
"1849",3.77
"1850",3.97
"1851",4.03
"1852",3.54
"1853",3.63
"1854",0.91
"1855",3.52
"1856",3.8
"1857",3.43
"1858",3.01
"1859",2.58
"1860",3.06
"1861",3.01
"1862",4.14
"1863",3.54
"1864",3.01
"1865",3.29
"1866",NA
"1867",2.98
"1868",4.22
"1869",3.91
"1870",4.11
"1871",2.58
"1872",3.4
"1873",3.54
"1874",2.04
"1875",3.32
"1876",4.37
"1877",3.86
"1878",4.42
"1879",3.18
"1880",3.91
"1881",3.32
"1882",3.35
"1883",3.43
"1884",3.63
"1885",3.74
"1886",3.35
"1887",3.4
"1888",3.6
"1889",3.8
"1890",3.63
"1891",3.97
"1892",2.52
"1893",3.86
"1894",3.29
"1895",3.52
"1896",3.23
"1897",4
"1898",3.2
"1899",3.94
"1900",3.03
"1901",2.81
"1902",3.63
"1903",3.46
"1904",3.91
"1905",4.28
"1906",2.66
"1907",3.26
"1908",3.52
"1909",4.22
"1910",4.14
"1911",3.23
"1912",3.69
"1913",3.57
"1914",3.4
"1915",2.58
"1916",3.2
"1917",3.83
"1918",3.88
"1919",3.49
"1920",0.9
"1921",3.77
"1922",2.3
"1923",3.4
"1924",3.63
"1925",3.03
"1926",2.84
"1927",3.77
"1928",3.69
"1929",3.32
"1930",3.54
"1931",3.01
"1932",3.77
"1933",3.57
"1934",3.01
"1935",3.03
"1936",3.2
"1937",3.86
"1938",3.97
"1939",3.37
"1940",3.23
"1941",3.34
"1942",3.97
"1943",4.28
"1944",3.88
"1945",4.17
"1946",4.51
"1947",3.4
"1948",3.52
"1949",3.91
"1950",3.29
"1951",4.17
"1952",3.88
"1953",3.57
"1954",4.17
"1955",3.63
"1956",3.37
"1957",4.05
"1958",2.18
"1959",2.78
"1960",2.98
"1961",3.09
"1962",4.08
"1963",3.97
"1964",3.66
"1965",3.69
"1966",3.86
"1967",2.55
"1968",3.23
"1969",3.23
"1970",4.22
"1971",2.86
"1972",4.08
"1973",3.63
"1974",2.81
"1975",2.86
"1976",3.18
"1977",3.4
"1978",4.2
"1979",2.61
"1980",3.09
"1981",3.83
"1982",2.41
"1983",3.71
"1984",3.83
"1985",3.52
"1986",2.3
"1987",4.28
"1988",3.06
"1989",3.2
"1990",4.73
"1991",3.37
"1992",3.54
"1993",3.46
"1994",4.48
"1995",2.84
"1996",4.03
"1997",3.6
"1998",3.52
